search;match
blau;
grau;
gelb;
beige;
weiß;
pink;
rot;
türkis;
Anthrazit;
blue 500;
cement;
denim blue;
powder;
rosa;
schwarz;
blue;
classic white;
dunkelblau;
dusty rose;
lilac rose;
midnight;
red 600;
sand;
sand 420;
sky;
sky captain;
stone blue;
turquoise 540;
Bordeaux;
aquarelle;
basic red;
black;
black 100;
black beauty;
blau / türkis;
blau gestreift;
blau/weiß;
blue dark wash;
blue used washed;
blue/black used washed;
bright blue;
bright dark orange;
bunt;
cement 320;
coastal blue white melange;
cognac;
cucmber green;
danish blue;
dark blue/pink;
dark denim;
darkgrey 840;
dunkelblau / pink;
dunkelblau/weiß;
dunkelgrau;
grey 800;
gruen;
haute red;
hellblau;
jeansdunkel;
lemon zest;
light blue;
light grey;
lilac rose heather;
natural straw;
natural straw/pink;
navy;
pink 670;
pink lavender;
regatta/bright white;
rosa / weiß;
rose pink;
sea;
spring bud;
stone bleach;
türkisblau;
vintage indigo;
weiss;
white;
yellow;